corporate/corporate_09.dds
corporate/corporate_08.dds
corporate/corporate_11.dds
corporate/corporate_05.dds
corporate/corporate_04.dds
corporate/corporate_10.dds
corporate/corporate_06.dds
corporate/corporate_12.dds
corporate/corporate_07.dds
corporate/corporate_03.dds
corporate/corporate_02.dds
corporate/corporate_01.dds
pirate/flag_pirate_7.dds
pirate/flag_pirate_6.dds
pirate/flag_pirate_4.dds
pirate/flag_pirate_5.dds
pirate/flag_pirate_1.dds
pirate/flag_pirate_2.dds
pirate/flag_pirate_3.dds
pirate/flag_pirate_10.dds
pirate/flag_pirate_11.dds
pirate/flag_pirate_8.dds
pirate/flag_pirate_9.dds
pirate/pirate_12.dds
pointy/flag_pointy_6.dds
pointy/flag_pointy_7.dds
pointy/flag_pointy_5.dds
pointy/flag_pointy_4.dds
pointy/flag_pointy_1.dds
pointy/flag_pointy_3.dds
pointy/flag_pointy_2.dds
pointy/flag_pointy_17.dds
pointy/flag_pointy_16.dds
pointy/flag_pointy_14.dds
pointy/flag_pointy_15.dds
pointy/flag_pointy_11.dds
pointy/flag_pointy_10.dds
pointy/flag_pointy_12.dds
pointy/flag_pointy_13.dds
pointy/flag_pointy_22.dds
pointy/flag_pointy_23.dds
pointy/flag_pointy_21.dds
pointy/flag_pointy_20.dds
pointy/flag_pointy_24.dds
pointy/flag_pointy_18.dds
pointy/flag_pointy_19.dds
pointy/flag_pointy_9.dds
pointy/flag_pointy_8.dds
necroid/necroid_09.dds
necroid/necroid_08.dds
necroid/necroid_01.dds
necroid/necroid_03.dds
necroid/necroid_02.dds
necroid/necroid_06.dds
necroid/necroid_12.dds
necroid/necroid_07.dds
necroid/necroid_11.dds
necroid/necroid_05.dds
necroid/necroid_04.dds
necroid/necroid_10.dds
zoological/flag_zoological_20.dds
zoological/flag_zoological_21.dds
zoological/flag_zoological_23.dds
zoological/flag_zoological_22.dds
zoological/flag_zoological_19.dds
zoological/flag_zoological_24.dds
zoological/flag_zoological_18.dds
zoological/flag_zoological_8.dds
zoological/flag_zoological_9.dds
zoological/flag_zoological_1.dds
zoological/flag_zoological_2.dds
zoological/flag_zoological_3.dds
zoological/flag_zoological_7.dds
zoological/flag_zoological_6.dds
zoological/flag_zoological_4.dds
zoological/flag_zoological_5.dds
zoological/flag_zoological_15.dds
zoological/flag_zoological_14.dds
zoological/flag_zoological_16.dds
zoological/flag_zoological_17.dds
zoological/flag_zoological_13.dds
zoological/flag_zoological_12.dds
zoological/flag_zoological_10.dds
zoological/flag_zoological_11.dds
toxoid/toxoid_09.dds
toxoid/toxoid_08.dds
toxoid/toxoid_01.dds
toxoid/toxoid_03.dds
toxoid/toxoid_02.dds
toxoid/toxoid_06.dds
toxoid/toxoid_12.dds
toxoid/toxoid_07.dds
toxoid/toxoid_11.dds
toxoid/toxoid_05.dds
toxoid/toxoid_04.dds
toxoid/toxoid_10.dds
spherical/flag_spherical_16.dds
spherical/flag_spherical_17.dds
spherical/flag_spherical_15.dds
spherical/flag_spherical_14.dds
spherical/flag_spherical_10.dds
spherical/flag_spherical_11.dds
spherical/flag_spherical_13.dds
spherical/flag_spherical_12.dds
spherical/flag_spherical_8.dds
spherical/flag_spherical_9.dds
spherical/flag_spherical_4.dds
spherical/flag_spherical_5.dds
spherical/flag_spherical_7.dds
spherical/flag_spherical_6.dds
spherical/flag_spherical_2.dds
spherical/flag_spherical_3.dds
spherical/flag_spherical_1.dds
spherical/flag_spherical_23.dds
spherical/flag_spherical_22.dds
spherical/flag_spherical_20.dds
spherical/flag_spherical_21.dds
spherical/flag_spherical_19.dds
spherical/flag_spherical_24.dds
spherical/flag_spherical_18.dds
special/synth_queen.dds
special/mercenaries.dds
special/gray_goo.dds
special/hive_fe_flag_3.dds
special/hive_fe_flag_2.dds
special/shroudwalkers.dds
special/hive_fe_flag_1.dds
special/caravaneer_00.dds
special/caravaneer_01.dds
special/caravaneer_03.dds
special/caravaneer_02.dds
special/salvagers.dds
special/extradimensional_01.dds
special/ai_01.dds
special/extradimensional_02.dds
special/the_swarm.dds
special/ai_02.dds
special/extradimensional_03.dds
special/gdf.dds
special/abandoned.dds
special/primitive.dds
special/hive_fe_flag_restored.dds
special/the_shroud.dds
special/the_empire.dds
special/unknown.dds
ornate/flag_ornate_8.dds
ornate/flag_ornate_9.dds
ornate/flag_ornate_11.dds
ornate/flag_ornate_10.dds
ornate/flag_ornate_12.dds
ornate/flag_ornate_13.dds
ornate/flag_ornate_17.dds
ornate/flag_ornate_16.dds
ornate/flag_ornate_14.dds
ornate/flag_ornate_15.dds
ornate/flag_ornate_24.dds
ornate/flag_ornate_18.dds
ornate/flag_ornate_19.dds
ornate/flag_ornate_22.dds
ornate/flag_ornate_23.dds
ornate/flag_ornate_21.dds
ornate/flag_ornate_20.dds
ornate/flag_ornate_2.dds
ornate/flag_ornate_3.dds
ornate/flag_ornate_1.dds
ornate/flag_ornate_4.dds
ornate/flag_ornate_5.dds
ornate/flag_ornate_7.dds
ornate/flag_ornate_6.dds
backgrounds/new_dawn.dds
backgrounds/pattern_01.dds
backgrounds/diagonal.dds
backgrounds/flag_BG_48.dds
backgrounds/flag_BG_49.dds
backgrounds/flag_BG_12.dds
backgrounds/flag_BG_4.dds
backgrounds/double_triangles.dds
backgrounds/triangle_split.dds
backgrounds/flag_BG_5.dds
backgrounds/flag_BG_13.dds
backgrounds/flag_BG_11.dds
backgrounds/flag_BG_39.dds
backgrounds/sinus.dds
backgrounds/flag_BG_6.dds
backgrounds/flag_BG_38.dds
backgrounds/flag_BG_10.dds
backgrounds/flag_BG_28.dds
backgrounds/flag_BG_2.dds
backgrounds/flag_BG_3.dds
backgrounds/flag_BG_15.dds
backgrounds/flag_BG_29.dds
backgrounds/flag_BG_17.dds
backgrounds/flag_BG_1.dds
backgrounds/stripe.dds
backgrounds/v.dds
backgrounds/flag_BG_27.dds
backgrounds/00_solid.dds
backgrounds/rounded_middle.dds
backgrounds/inverted_v.dds
backgrounds/flag_BG_26.dds
backgrounds/flag_BG_32.dds
backgrounds/flag_BG_24.dds
backgrounds/flag_BG_18.dds
backgrounds/stripes.dds
backgrounds/double_hemispheres.dds
backgrounds/flag_BG_19.dds
backgrounds/flag_BG_31.dds
backgrounds/flag_BG_21.dds
backgrounds/flag_BG_35.dds
backgrounds/flag_BG_34.dds
backgrounds/flag_BG_20.dds
backgrounds/flag_BG_36.dds
backgrounds/flag_BG_8.dds
backgrounds/horizontal_stripe.dds
backgrounds/flag_BG_37.dds
backgrounds/flag_BG_50.dds
backgrounds/circle.dds
backgrounds/flag_BG_45.dds
backgrounds/flag_BG_51.dds
backgrounds/flag_BG_53.dds
backgrounds/horizontal.dds
backgrounds/flag_BG_52.dds
backgrounds/flag_BG_42.dds
backgrounds/flag_BG_56.dds
backgrounds/vertical.dds
backgrounds/flag_BG_57.dds
backgrounds/flag_BG_43.dds
backgrounds/flag_BG_55.dds
backgrounds/flag_BG_41.dds
backgrounds/diagonal_stripe.dds
backgrounds/flag_BG_40.dds
backgrounds/flag_BG_54.dds
blocky/flag_blocky_6.dds
blocky/flag_blocky_11.dds
blocky/flag_blocky_10.dds
blocky/flag_blocky_7.dds
blocky/flag_blocky_5.dds
blocky/flag_blocky_12.dds
blocky/flag_blocky_13.dds
blocky/flag_blocky_4.dds
blocky/flag_blocky_17.dds
blocky/flag_blocky_16.dds
blocky/flag_blocky_1.dds
blocky/flag_blocky_3.dds
blocky/flag_blocky_14.dds
blocky/flag_blocky_15.dds
blocky/flag_blocky_2.dds
blocky/flag_blocky_18.dds
blocky/flag_blocky_24.dds
blocky/flag_blocky_19.dds
blocky/flag_blocky_9.dds
blocky/flag_blocky_22.dds
blocky/flag_blocky_23.dds
blocky/flag_blocky_8.dds
blocky/flag_blocky_21.dds
blocky/flag_blocky_20.dds
lithoid/lithoid_02.dds
lithoid/lithoid_03.dds
lithoid/lithoid_01.dds
lithoid/lithoid_04.dds
lithoid/lithoid_10.dds
lithoid/lithoid_11.dds
lithoid/lithoid_05.dds
lithoid/lithoid_07.dds
lithoid/lithoid_06.dds
lithoid/lithoid_12.dds
lithoid/lithoid_08.dds
lithoid/lithoid_09.dds
pre_ftl/preftl_atomic_age.dds
pre_ftl/preftl_iron_age.dds
pre_ftl/preftl_steam_age.dds
pre_ftl/preftl_machine_age.dds
pre_ftl/preftl_industrial_age.dds
pre_ftl/preftl_early_space_age.dds
pre_ftl/preftl_bronze_age.dds
pre_ftl/preftl_renaissance_age.dds
pre_ftl/preftl_medieval_age.dds
pre_ftl/preftl_stone_age.dds
paradox/paradox_logo.dds
paradox/paradox_arctic_logo.dds
plantoid/plantoid_09.dds
plantoid/plantoid_08.dds
plantoid/plantoid_12.dds
plantoid/plantoid_06.dds
plantoid/plantoid_07.dds
plantoid/plantoid_05.dds
plantoid/plantoid_11.dds
plantoid/plantoid_10.dds
plantoid/plantoid_04.dds
plantoid/plantoid_01.dds
plantoid/plantoid_03.dds
plantoid/plantoid_02.dds
enclaves/enclaves_flag_trader.dds
enclaves/enclaves_flag_artist.dds
enclaves/enclaves_flag_curator.dds
aquatic/aquatic_09.dds
aquatic/aquatic_08.dds
aquatic/aquatic_06.dds
aquatic/aquatic_12.dds
aquatic/aquatic_07.dds
aquatic/aquatic_11.dds
aquatic/aquatic_05.dds
aquatic/aquatic_04.dds
aquatic/aquatic_10.dds
aquatic/aquatic_01.dds
aquatic/aquatic_03.dds
aquatic/aquatic_02.dds
imperial/imperial_02.dds
imperial/imperial_03.dds
imperial/imperial_01.dds
imperial/imperial_10.dds
imperial/imperial_04.dds
imperial/imperial_05.dds
imperial/imperial_11.dds
imperial/imperial_07.dds
imperial/imperial_12.dds
imperial/imperial_06.dds
imperial/imperial_08.dds
imperial/imperial_09.dds
human/human_14.dds
human/flag_human_8.dds
human/flag_human_9.dds
human/flag_human_1.dds
human/flag_human_2.dds
human/flag_human_3.dds
human/flag_human_7.dds
human/flag_human_6.dds
human/flag_human_4.dds
human/flag_human_5.dds
human/flag_human_14.dds
human/flag_human_15.dds
human/flag_human_11.dds
human/flag_human_10.dds
human/flag_human_12.dds
human/flag_human_13.dds
legion/flag_mp_beta_06.dds
legion/flag_mp_beta_04.dds
legion/flag_mp_beta_05.dds
legion/flag_mp_beta_01.dds
legion/flag_opus.dds
legion/flag_mp_beta_02.dds
legion/flag_mp_beta_03.dds
legion/legion_05.dds
legion/legion_04.dds
legion/legion_06.dds
legion/legion_03.dds
legion/legion_02.dds
legion/legion_01.dds
domination/domination_4.dds
domination/domination_5.dds
domination/domination_7.dds
domination/domination_6.dds
domination/domination_2.dds
domination/domination_3.dds
domination/domination_1.dds
domination/domination_23.dds
domination/domination_22.dds
domination/domination_20.dds
domination/domination_21.dds
domination/domination_19.dds
domination/domination_24.dds
domination/domination_18.dds
domination/domination_16.dds
domination/domination_17.dds
domination/domination_15.dds
domination/domination_14.dds
domination/domination_10.dds
domination/domination_11.dds
domination/domination_13.dds
domination/domination_12.dds
domination/domination_8.dds
domination/domination_9.dds